{
	"solutions" : 
	[
		{
			"endTime" : 5.4766584766614832,
			"items" : 
			[
				56,
				606,
				1171,
				1215,
				1633,
				1785,
				2284,
				2500,
				2548,
				2551
			],
			"startTime" : 0
		},
		{
			"endTime" : 21.460393585993444,
			"items" : 
			[
				56,
				606,
				1171,
				1215,
				1633,
				1785,
				2284,
				2500,
				2548,
				2551,
				2703
			],
			"startTime" : 5.4766584766614832
		},
		{
			"endTime" : 26,
			"items" : 
			[
				56,
				606,
				1171,
				1215,
				1633,
				1785,
				2284,
				2548,
				2551,
				2703
			],
			"startTime" : 21.460393585993444
		},
		{
			"endTime" : 35.425963934905703,
			"items" : 
			[
				835,
				838,
				1104,
				1776,
				1847,
				1852,
				1961,
				2231,
				2497
			],
			"startTime" : 26
		},
		{
			"endTime" : 38.376943699739357,
			"items" : 
			[
				838,
				972,
				1104,
				1327,
				1446,
				1776,
				1847,
				1852,
				1918,
				2497
			],
			"startTime" : 35.425963934905703
		},
		{
			"endTime" : 41.058733485288812,
			"items" : 
			[
				838,
				972,
				1104,
				1327,
				1446,
				1776,
				1847,
				1852,
				1918,
				2497,
				2231
			],
			"startTime" : 38.376943699739357
		},
		{
			"endTime" : 41.321326137983029,
			"items" : 
			[
				835,
				838,
				1104,
				1327,
				1446,
				1776,
				1847,
				1852,
				1918,
				2231,
				2497
			],
			"startTime" : 41.058733485288812
		},
		{
			"endTime" : 59,
			"items" : 
			[
				517,
				835,
				838,
				1104,
				1776,
				1852,
				1918,
				1961,
				2231,
				2497
			],
			"startTime" : 41.321326137983029
		},
		{
			"endTime" : 59,
			"items" : null,
			"startTime" : 59
		}
	]
}
