{
	"solutions" : 
	[
		{
			"endTime" : 2,
			"items" : 
			[
				195,
				970,
				1587,
				2040,
				2049,
				2722,
				3071,
				3294,
				3527,
				3542,
				3934,
				3970,
				4237
			],
			"startTime" : 0
		},
		{
			"endTime" : 5,
			"items" : 
			[
				195,
				970,
				2040,
				2049,
				2722,
				3071,
				3294,
				3527,
				3542,
				3934,
				3970,
				4237
			],
			"startTime" : 2
		},
		{
			"endTime" : 6.0848258344788952,
			"items" : 
			[
				437,
				1559,
				2515,
				2611,
				2710,
				3139,
				3380,
				3545,
				3640,
				4520
			],
			"startTime" : 5
		},
		{
			"endTime" : 6.5438647867038995,
			"items" : 
			[
				437,
				1559,
				2404,
				2971,
				3139,
				3969,
				4311,
				4378,
				4520,
				4903
			],
			"startTime" : 6.0848258344788952
		},
		{
			"endTime" : 12.94802382239777,
			"items" : 
			[
				89,
				721,
				842,
				1123,
				1304,
				1385,
				1904,
				2147,
				3521,
				4737
			],
			"startTime" : 6.5438647867038995
		},
		{
			"endTime" : 14,
			"items" : 
			[
				437,
				1559,
				2515,
				2611,
				2710,
				3139,
				3545,
				3640,
				4378,
				4411,
				4520
			],
			"startTime" : 12.94802382239777
		},
		{
			"endTime" : 14.896257658550903,
			"items" : 
			[
				437,
				1559,
				2515,
				2611,
				2710,
				3139,
				3640,
				4378,
				4411,
				4520
			],
			"startTime" : 14
		},
		{
			"endTime" : 17.80517907775041,
			"items" : 
			[
				89,
				345,
				721,
				842,
				1123,
				1304,
				1385,
				1904,
				1975,
				2147,
				3521
			],
			"startTime" : 14.896257658550903
		},
		{
			"endTime" : 19,
			"items" : 
			[
				89,
				345,
				721,
				842,
				1123,
				1304,
				1385,
				1904,
				2147,
				3521,
				4737
			],
			"startTime" : 17.80517907775041
		},
		{
			"endTime" : 20.78486658580286,
			"items" : 
			[
				89,
				345,
				721,
				842,
				1304,
				1385,
				1904,
				2147,
				3521,
				4737
			],
			"startTime" : 19
		},
		{
			"endTime" : 26.176313045336862,
			"items" : 
			[
				89,
				345,
				721,
				842,
				1304,
				1385,
				1904,
				1975,
				2147,
				3521
			],
			"startTime" : 20.78486658580286
		},
		{
			"endTime" : 36.350346020698943,
			"items" : 
			[
				230,
				1070,
				1074,
				1331,
				1611,
				1702,
				1988,
				3900,
				4188,
				4700
			],
			"startTime" : 26.176313045336862
		},
		{
			"endTime" : 37.696342534579806,
			"items" : 
			[
				230,
				682,
				1070,
				1074,
				1611,
				3323,
				3900,
				4188,
				4544,
				4676,
				4700
			],
			"startTime" : 36.350346020698943
		},
		{
			"endTime" : 45,
			"items" : 
			[
				914,
				1085,
				2112,
				2695,
				2741,
				2747,
				2785,
				3133,
				3455,
				4674
			],
			"startTime" : 37.696342534579806
		},
		{
			"endTime" : 51.837785016279319,
			"items" : 
			[
				230,
				1070,
				1074,
				1611,
				1718,
				3323,
				3900,
				4544,
				4676,
				4700
			],
			"startTime" : 45
		},
		{
			"endTime" : 52.03168238319941,
			"items" : 
			[
				230,
				1070,
				1074,
				1611,
				1718,
				3323,
				3900,
				4544,
				4676,
				4700,
				4188
			],
			"startTime" : 51.837785016279319
		},
		{
			"endTime" : 52.115568112400432,
			"items" : 
			[
				230,
				1070,
				1074,
				1611,
				1718,
				3323,
				3900,
				4544,
				4676,
				4700
			],
			"startTime" : 52.03168238319941
		},
		{
			"endTime" : 57,
			"items" : 
			[
				230,
				1070,
				1074,
				1611,
				1718,
				3323,
				3900,
				4188,
				4676,
				4700
			],
			"startTime" : 52.115568112400432
		},
		{
			"endTime" : 57.793263646886707,
			"items" : 
			[
				195,
				541,
				1848,
				2084,
				3375,
				3727,
				4212,
				4237,
				4786
			],
			"startTime" : 57
		},
		{
			"endTime" : 59.557647058782614,
			"items" : 
			[
				230,
				682,
				1070,
				1074,
				1718,
				3323,
				3900,
				4188,
				4676,
				4700
			],
			"startTime" : 57.793263646886707
		},
		{
			"endTime" : 61.140290294625736,
			"items" : 
			[
				230,
				682,
				1070,
				1074,
				1718,
				3323,
				3900,
				4188,
				4676,
				4700,
				4544
			],
			"startTime" : 59.557647058782614
		},
		{
			"endTime" : 69.593245227602765,
			"items" : 
			[
				195,
				541,
				1848,
				1873,
				2084,
				3375,
				3727,
				4195,
				4237,
				4786
			],
			"startTime" : 61.140290294625736
		},
		{
			"endTime" : 71.644280356297358,
			"items" : 
			[
				230,
				682,
				1070,
				1074,
				1718,
				3323,
				3900,
				4188,
				4544,
				4676,
				4700
			],
			"startTime" : 69.593245227602765
		},
		{
			"endTime" : 74.222840375576027,
			"items" : 
			[
				230,
				682,
				1070,
				1074,
				1718,
				3323,
				3900,
				4188,
				4544,
				4676,
				4700,
				2181
			],
			"startTime" : 71.644280356297358
		},
		{
			"endTime" : 75.131667602865079,
			"items" : 
			[
				230,
				682,
				1070,
				1074,
				1718,
				2181,
				3323,
				3900,
				4188,
				4544,
				4700
			],
			"startTime" : 74.222840375576027
		},
		{
			"endTime" : 75.814098405719633,
			"items" : 
			[
				230,
				682,
				1070,
				1074,
				2181,
				3323,
				3900,
				4188,
				4544,
				4676,
				4700
			],
			"startTime" : 75.131667602865079
		},
		{
			"endTime" : 77.200187563121929,
			"items" : 
			[
				195,
				541,
				1848,
				1873,
				2084,
				3375,
				3727,
				4195,
				4237,
				4786
			],
			"startTime" : 75.814098405719633
		},
		{
			"endTime" : 77.573645083934764,
			"items" : 
			[
				230,
				682,
				1070,
				1074,
				2181,
				3323,
				3900,
				4188,
				4544,
				4676,
				4700
			],
			"startTime" : 77.200187563121929
		},
		{
			"endTime" : 79.712581227435209,
			"items" : 
			[
				195,
				541,
				1848,
				1873,
				2084,
				3375,
				3727,
				4195,
				4237,
				4786
			],
			"startTime" : 77.573645083934764
		},
		{
			"endTime" : 80.691947584789091,
			"items" : 
			[
				230,
				682,
				1070,
				1074,
				3323,
				3900,
				4188,
				4544,
				4676,
				4700
			],
			"startTime" : 79.712581227435209
		},
		{
			"endTime" : 81.768115941979261,
			"items" : 
			[
				195,
				1848,
				1873,
				2084,
				3375,
				3727,
				4195,
				4237,
				4786
			],
			"startTime" : 80.691947584789091
		},
		{
			"endTime" : 131,
			"items" : 
			[
				195,
				1848,
				1873,
				2084,
				3375,
				3727,
				4195,
				4237,
				4786,
				541
			],
			"startTime" : 81.768115941979261
		},
		{
			"endTime" : 144.04896293777708,
			"items" : 
			[
				195,
				541,
				1848,
				1873,
				2084,
				3727,
				4195,
				4237,
				4786
			],
			"startTime" : 131
		},
		{
			"endTime" : 145,
			"items" : 
			[
				230,
				682,
				1074,
				1422,
				3323,
				3900,
				4188,
				4544,
				4676,
				4700
			],
			"startTime" : 144.04896293777708
		},
		{
			"endTime" : 167.76535502958657,
			"items" : 
			[
				195,
				541,
				1848,
				1873,
				2084,
				3727,
				4195,
				4237,
				4786
			],
			"startTime" : 145
		},
		{
			"endTime" : 182.19150330610483,
			"items" : 
			[
				230,
				682,
				1074,
				1718,
				3323,
				3900,
				4188,
				4676,
				4700
			],
			"startTime" : 167.76535502958657
		},
		{
			"endTime" : 186.32838773488504,
			"items" : 
			[
				195,
				541,
				1848,
				1873,
				2084,
				3727,
				4237,
				4786
			],
			"startTime" : 182.19150330610483
		},
		{
			"endTime" : 188.91503267973661,
			"items" : 
			[
				230,
				1074,
				1331,
				1718,
				3900,
				3980,
				4188,
				4676,
				4700
			],
			"startTime" : 186.32838773488504
		},
		{
			"endTime" : 194.65954545449156,
			"items" : 
			[
				230,
				1074,
				1331,
				1718,
				3900,
				3980,
				4188,
				4676,
				4700,
				682
			],
			"startTime" : 188.91503267973661
		},
		{
			"endTime" : 231.38031088081496,
			"items" : 
			[
				230,
				1074,
				1331,
				1718,
				3900,
				3980,
				4188,
				4676,
				4700
			],
			"startTime" : 194.65954545449156
		},
		{
			"endTime" : 240.11424369734181,
			"items" : 
			[
				230,
				682,
				1074,
				1331,
				1718,
				3323,
				3900,
				4188,
				4676,
				4700
			],
			"startTime" : 231.38031088081496
		},
		{
			"endTime" : 244.75401069513296,
			"items" : 
			[
				230,
				682,
				1074,
				1331,
				1718,
				3323,
				3900,
				4188,
				4676
			],
			"startTime" : 240.11424369734181
		},
		{
			"endTime" : 245.07304733729842,
			"items" : 
			[
				230,
				682,
				1074,
				1331,
				1718,
				3323,
				3900,
				4188,
				4676,
				4700
			],
			"startTime" : 244.75401069513296
		},
		{
			"endTime" : 246.25034770517183,
			"items" : 
			[
				230,
				682,
				1074,
				1331,
				1718,
				3900,
				4188,
				4676,
				4700
			],
			"startTime" : 245.07304733729842
		},
		{
			"endTime" : 270.56865883801669,
			"items" : 
			[
				230,
				682,
				1074,
				1331,
				1718,
				3900,
				4188,
				4676,
				4700,
				1702
			],
			"startTime" : 246.25034770517183
		},
		{
			"endTime" : 276.22564935064867,
			"items" : 
			[
				230,
				682,
				1074,
				1331,
				1702,
				1718,
				4188,
				4676,
				4700
			],
			"startTime" : 270.56865883801669
		},
		{
			"endTime" : 277.0316266725639,
			"items" : 
			[
				230,
				682,
				1074,
				1307,
				1702,
				1718,
				3980,
				4188,
				4676,
				4700
			],
			"startTime" : 276.22564935064867
		},
		{
			"endTime" : 277.77511975212684,
			"items" : 
			[
				230,
				682,
				1074,
				1307,
				1702,
				1718,
				3980,
				4188,
				4676,
				4700,
				1331
			],
			"startTime" : 277.0316266725639
		},
		{
			"endTime" : 278.79033291456994,
			"items" : 
			[
				230,
				682,
				1074,
				1307,
				1331,
				1718,
				3323,
				3980,
				4188,
				4676
			],
			"startTime" : 277.77511975212684
		},
		{
			"endTime" : 279.94770898916408,
			"items" : 
			[
				230,
				682,
				1074,
				1307,
				1331,
				1718,
				3323,
				3900,
				4188,
				4676
			],
			"startTime" : 278.79033291456994
		},
		{
			"endTime" : 283.5839807570311,
			"items" : 
			[
				230,
				682,
				1074,
				1307,
				1331,
				1718,
				3323,
				3900,
				4188,
				4676,
				4700
			],
			"startTime" : 279.94770898916408
		},
		{
			"endTime" : 283.77192061621315,
			"items" : 
			[
				230,
				682,
				1074,
				1307,
				1331,
				1718,
				3323,
				3900,
				4188,
				4676
			],
			"startTime" : 283.5839807570311
		},
		{
			"endTime" : 292,
			"items" : 
			[
				230,
				682,
				1074,
				1331,
				1718,
				3323,
				3900,
				4188,
				4676,
				4700
			],
			"startTime" : 283.77192061621315
		},
		{
			"endTime" : 299,
			"items" : 
			[
				230,
				682,
				1074,
				1331,
				1718,
				3323,
				3900,
				4188,
				4676
			],
			"startTime" : 292
		},
		{
			"endTime" : 299,
			"items" : null,
			"startTime" : 299
		}
	]
}
