{
	"solutions" : 
	[
		{
			"endTime" : 0.30121574598484396,
			"items" : 
			[
				560,
				846,
				879,
				970,
				1360,
				1587,
				1848,
				1873,
				2040,
				2049,
				2084,
				2100,
				2317,
				2500,
				2722,
				2998,
				3071,
				3294,
				3375,
				3434,
				3542,
				3574,
				3608,
				3727,
				3934,
				3952,
				3970,
				4195,
				4237,
				4271,
				4447,
				4786
			],
			"startTime" : 0
		},
		{
			"endTime" : 0.46188178183967071,
			"items" : 
			[
				306,
				355,
				365,
				481,
				588,
				647,
				830,
				1104,
				1122,
				1209,
				1509,
				1756,
				1884,
				2200,
				2227,
				2359,
				2409,
				2502,
				2706,
				2754,
				2812,
				2886,
				2977,
				3518,
				3568,
				3674,
				3747,
				3904,
				3930,
				3972,
				4047
			],
			"startTime" : 0.30121574598484396
		},
		{
			"endTime" : 1,
			"items" : 
			[
				560,
				879,
				970,
				1360,
				1587,
				1848,
				1873,
				2040,
				2049,
				2084,
				2100,
				2317,
				2500,
				2722,
				2998,
				3071,
				3294,
				3301,
				3375,
				3434,
				3542,
				3574,
				3608,
				3727,
				3952,
				3970,
				4195,
				4237,
				4271,
				4447,
				4786
			],
			"startTime" : 0.46188178183967071
		},
		{
			"endTime" : 1.0545701093301012,
			"items" : 
			[
				560,
				846,
				879,
				948,
				970,
				1360,
				1587,
				1848,
				1873,
				2040,
				2049,
				2084,
				2100,
				2317,
				2500,
				2722,
				3071,
				3294,
				3375,
				3434,
				3527,
				3542,
				3574,
				3608,
				3727,
				3934,
				3970,
				4195,
				4237,
				4271,
				4786
			],
			"startTime" : 1
		},
		{
			"endTime" : 1.5388983050753677,
			"items" : 
			[
				560,
				879,
				970,
				1360,
				1587,
				1848,
				1873,
				2040,
				2049,
				2084,
				2100,
				2317,
				2500,
				2722,
				2998,
				3071,
				3294,
				3301,
				3375,
				3434,
				3542,
				3574,
				3608,
				3727,
				3970,
				4195,
				4237,
				4271,
				4447,
				4786
			],
			"startTime" : 1.0545701093301012
		},
		{
			"endTime" : 1.6217505178999623,
			"items" : 
			[
				560,
				879,
				970,
				1360,
				1587,
				1848,
				1873,
				2040,
				2049,
				2084,
				2100,
				2317,
				2500,
				2722,
				2998,
				3071,
				3294,
				3375,
				3434,
				3542,
				3574,
				3608,
				3727,
				3934,
				3970,
				4195,
				4237,
				4271,
				4447,
				4786
			],
			"startTime" : 1.5388983050753677
		},
		{
			"endTime" : 2,
			"items" : 
			[
				560,
				879,
				970,
				1360,
				1587,
				1848,
				1873,
				2040,
				2049,
				2084,
				2100,
				2317,
				2500,
				2722,
				2998,
				3071,
				3294,
				3375,
				3434,
				3527,
				3542,
				3574,
				3608,
				3727,
				3934,
				3970,
				4195,
				4237,
				4447,
				4786
			],
			"startTime" : 1.6217505178999623
		},
		{
			"endTime" : 3.874249984769496,
			"items" : 
			[
				271,
				306,
				337,
				481,
				572,
				588,
				647,
				830,
				1179,
				1509,
				1756,
				1884,
				2200,
				2227,
				2359,
				2409,
				2502,
				2706,
				2754,
				2812,
				2886,
				3368,
				3518,
				3674,
				3747,
				3904,
				3972,
				4639,
				4938
			],
			"startTime" : 2
		},
		{
			"endTime" : 5,
			"items" : 
			[
				560,
				718,
				846,
				879,
				948,
				970,
				1360,
				1438,
				1848,
				1873,
				2040,
				2049,
				2084,
				2100,
				2500,
				2722,
				3071,
				3294,
				3434,
				3527,
				3542,
				3574,
				3608,
				3727,
				3934,
				3970,
				4195,
				4237,
				4786
			],
			"startTime" : 3.874249984769496
		},
		{
			"endTime" : 6,
			"items" : 
			[
				306,
				355,
				481,
				588,
				647,
				830,
				1104,
				1122,
				1209,
				1509,
				1884,
				2200,
				2359,
				2409,
				2502,
				2706,
				2754,
				2812,
				2886,
				2977,
				3273,
				3518,
				3568,
				3674,
				3747,
				3904,
				3930,
				4047
			],
			"startTime" : 5
		},
		{
			"endTime" : 7,
			"items" : 
			[
				306,
				355,
				481,
				588,
				647,
				830,
				1104,
				1209,
				1509,
				1884,
				2200,
				2359,
				2409,
				2502,
				2706,
				2754,
				2812,
				2886,
				2977,
				3273,
				3518,
				3568,
				3674,
				3747,
				3904,
				3930,
				4047
			],
			"startTime" : 6
		},
		{
			"endTime" : 8,
			"items" : 
			[
				29,
				55,
				61,
				494,
				541,
				786,
				879,
				980,
				1011,
				1360,
				1412,
				1862,
				1873,
				1996,
				2570,
				2613,
				2615,
				2998,
				3301,
				3375,
				3849,
				4043,
				4522,
				4596,
				4786,
				4819,
				4926
			],
			"startTime" : 7
		},
		{
			"endTime" : 9,
			"items" : 
			[
				29,
				55,
				61,
				494,
				541,
				786,
				879,
				980,
				1011,
				1360,
				1412,
				1777,
				1873,
				1996,
				2570,
				2613,
				2615,
				2998,
				3301,
				3375,
				3849,
				3880,
				4043,
				4522,
				4596,
				4786,
				4819
			],
			"startTime" : 8
		},
		{
			"endTime" : 9.7529305471419345,
			"items" : 
			[
				19,
				61,
				494,
				540,
				541,
				570,
				980,
				1011,
				1066,
				1350,
				1412,
				1493,
				1777,
				2354,
				2456,
				2570,
				2715,
				2998,
				3135,
				3301,
				3375,
				3880,
				4490,
				4522,
				4596,
				4819
			],
			"startTime" : 9
		},
		{
			"endTime" : 9.9034651711895982,
			"items" : 
			[
				29,
				55,
				61,
				494,
				541,
				786,
				879,
				980,
				1011,
				1777,
				1873,
				1996,
				2570,
				2613,
				2615,
				2998,
				3301,
				3375,
				3727,
				3849,
				3880,
				4043,
				4522,
				4596,
				4786,
				4819
			],
			"startTime" : 9.7529305471419345
		},
		{
			"endTime" : 12.246100917424254,
			"items" : 
			[
				19,
				22,
				61,
				494,
				541,
				570,
				980,
				1011,
				1066,
				1350,
				1412,
				1493,
				1777,
				2354,
				2456,
				2570,
				2715,
				2998,
				3135,
				3301,
				3375,
				3880,
				4490,
				4522,
				4596,
				4819
			],
			"startTime" : 9.9034651711895982
		},
		{
			"endTime" : 17,
			"items" : 
			[
				19,
				61,
				494,
				540,
				541,
				570,
				980,
				1011,
				1066,
				1350,
				1493,
				1777,
				2354,
				2456,
				2570,
				2715,
				2998,
				3135,
				3301,
				3375,
				3727,
				3880,
				4490,
				4522,
				4596,
				4819
			],
			"startTime" : 12.246100917424254
		},
		{
			"endTime" : 18,
			"items" : 
			[
				29,
				55,
				61,
				494,
				541,
				786,
				879,
				980,
				1011,
				1777,
				1873,
				1996,
				2570,
				2613,
				2615,
				2998,
				3301,
				3375,
				3727,
				3849,
				3880,
				4043,
				4522,
				4596,
				4786,
				4819
			],
			"startTime" : 17
		},
		{
			"endTime" : 18.203067632834561,
			"items" : 
			[
				22,
				61,
				465,
				494,
				540,
				541,
				570,
				980,
				1011,
				1066,
				1121,
				1350,
				1493,
				1777,
				2155,
				2354,
				2456,
				2715,
				2998,
				3135,
				3499,
				3880,
				4490,
				4590,
				4596,
				4819
			],
			"startTime" : 18
		},
		{
			"endTime" : 19.466883408062554,
			"items" : 
			[
				22,
				61,
				465,
				494,
				540,
				541,
				570,
				980,
				1011,
				1066,
				1121,
				1350,
				1493,
				1777,
				2155,
				2354,
				2456,
				2715,
				2998,
				3135,
				3499,
				3880,
				4490,
				4596,
				4819
			],
			"startTime" : 18.203067632834561
		},
		{
			"endTime" : 19.830618417827267,
			"items" : 
			[
				22,
				61,
				494,
				540,
				541,
				570,
				980,
				1011,
				1066,
				1350,
				1493,
				1777,
				2354,
				2456,
				2570,
				2715,
				2998,
				3135,
				3301,
				3727,
				3880,
				4490,
				4522,
				4596,
				4819
			],
			"startTime" : 19.466883408062554
		},
		{
			"endTime" : 20.2200706436487,
			"items" : 
			[
				29,
				55,
				61,
				494,
				541,
				786,
				879,
				980,
				1011,
				1873,
				1996,
				2570,
				2613,
				2998,
				3301,
				3375,
				3727,
				3849,
				3880,
				4043,
				4522,
				4596,
				4786,
				4819,
				4926
			],
			"startTime" : 19.830618417827267
		},
		{
			"endTime" : 20.499641577072023,
			"items" : 
			[
				61,
				494,
				540,
				541,
				570,
				980,
				1011,
				1066,
				1350,
				1493,
				1777,
				2354,
				2456,
				2570,
				2715,
				2998,
				3135,
				3301,
				3375,
				3727,
				3880,
				4490,
				4522,
				4596,
				4819
			],
			"startTime" : 20.2200706436487
		},
		{
			"endTime" : 20.510181347161588,
			"items" : 
			[
				29,
				55,
				61,
				494,
				541,
				879,
				980,
				1011,
				1777,
				1873,
				1996,
				2084,
				2570,
				2998,
				3301,
				3375,
				3727,
				3849,
				3880,
				4043,
				4195,
				4212,
				4522,
				4596,
				4786,
				4819
			],
			"startTime" : 20.499641577072023
		},
		{
			"endTime" : 20.866122195801282,
			"items" : 
			[
				61,
				494,
				540,
				541,
				570,
				980,
				1011,
				1066,
				1350,
				1777,
				1873,
				2456,
				2570,
				2715,
				2998,
				3135,
				3301,
				3375,
				3727,
				3880,
				4490,
				4522,
				4596,
				4786,
				4819
			],
			"startTime" : 20.510181347161588
		},
		{
			"endTime" : 21,
			"items" : 
			[
				61,
				494,
				540,
				541,
				570,
				980,
				1011,
				1066,
				1350,
				1493,
				1777,
				2354,
				2456,
				2570,
				2715,
				2998,
				3135,
				3301,
				3375,
				3727,
				3880,
				4490,
				4522,
				4596,
				4786,
				4819
			],
			"startTime" : 20.866122195801282
		},
		{
			"endTime" : 22.73757763970556,
			"items" : 
			[
				29,
				55,
				61,
				494,
				541,
				879,
				980,
				1011,
				1873,
				1996,
				2084,
				2570,
				2998,
				3301,
				3375,
				3727,
				3849,
				3880,
				4043,
				4195,
				4212,
				4522,
				4596,
				4786,
				4819
			],
			"startTime" : 21
		},
		{
			"endTime" : 23.756937984489895,
			"items" : 
			[
				29,
				55,
				61,
				494,
				541,
				879,
				980,
				1011,
				1873,
				1996,
				2084,
				2570,
				2998,
				3301,
				3375,
				3727,
				3849,
				3880,
				4043,
				4195,
				4212,
				4522,
				4596,
				4786,
				4819,
				786
			],
			"startTime" : 22.73757763970556
		},
		{
			"endTime" : 25.52553191489416,
			"items" : 
			[
				29,
				55,
				61,
				494,
				541,
				786,
				879,
				980,
				1011,
				1873,
				1996,
				2570,
				2613,
				2998,
				3301,
				3375,
				3727,
				3849,
				4043,
				4195,
				4212,
				4522,
				4596,
				4786,
				4819
			],
			"startTime" : 23.756937984489895
		},
		{
			"endTime" : 26.331454340456862,
			"items" : 
			[
				29,
				55,
				61,
				494,
				541,
				786,
				879,
				980,
				1011,
				1873,
				1996,
				2570,
				2613,
				2998,
				3301,
				3375,
				3727,
				3849,
				4043,
				4195,
				4212,
				4522,
				4596,
				4786,
				4819,
				3880
			],
			"startTime" : 25.52553191489416
		},
		{
			"endTime" : 35.05169260700125,
			"items" : 
			[
				29,
				55,
				61,
				494,
				541,
				786,
				879,
				980,
				1011,
				1873,
				1996,
				2570,
				2613,
				2998,
				3301,
				3375,
				3727,
				3849,
				4043,
				4195,
				4212,
				4522,
				4596,
				4786,
				4819,
				3880,
				2084
			],
			"startTime" : 26.331454340456862
		},
		{
			"endTime" : 37.723710493045196,
			"items" : 
			[
				29,
				55,
				61,
				494,
				541,
				786,
				879,
				980,
				1011,
				1873,
				1996,
				2084,
				2570,
				2613,
				3301,
				3375,
				3727,
				3849,
				3880,
				4043,
				4195,
				4212,
				4522,
				4596,
				4786,
				4819
			],
			"startTime" : 35.05169260700125
		},
		{
			"endTime" : 39,
			"items" : 
			[
				29,
				55,
				61,
				494,
				541,
				786,
				879,
				980,
				1011,
				1873,
				1996,
				2084,
				2570,
				2613,
				2998,
				3301,
				3375,
				3727,
				3849,
				3880,
				4195,
				4212,
				4522,
				4596,
				4786,
				4819
			],
			"startTime" : 37.723710493045196
		},
		{
			"endTime" : 39.887706766747968,
			"items" : 
			[
				29,
				55,
				61,
				494,
				541,
				879,
				980,
				1011,
				1873,
				1996,
				2084,
				2456,
				2570,
				2613,
				2715,
				2998,
				3301,
				3375,
				3727,
				3849,
				3880,
				4195,
				4212,
				4522,
				4786,
				4819
			],
			"startTime" : 39
		},
		{
			"endTime" : 40.107142857283662,
			"items" : 
			[
				29,
				55,
				61,
				494,
				541,
				879,
				980,
				1011,
				1873,
				1996,
				2084,
				2456,
				2570,
				2613,
				2715,
				2998,
				3301,
				3375,
				3727,
				3849,
				3880,
				4195,
				4522,
				4786,
				4819
			],
			"startTime" : 39.887706766747968
		},
		{
			"endTime" : 41,
			"items" : 
			[
				29,
				55,
				61,
				494,
				541,
				879,
				980,
				1011,
				1873,
				1996,
				2084,
				2456,
				2570,
				2613,
				2715,
				2998,
				3301,
				3375,
				3727,
				3849,
				3880,
				4195,
				4522,
				4786,
				4819,
				4212
			],
			"startTime" : 40.107142857283662
		},
		{
			"endTime" : 41.220942029025231,
			"items" : 
			[
				29,
				55,
				61,
				494,
				541,
				879,
				980,
				1011,
				1873,
				1996,
				2084,
				2456,
				2570,
				2715,
				2998,
				3301,
				3375,
				3727,
				3849,
				3880,
				4195,
				4212,
				4522,
				4786,
				4819
			],
			"startTime" : 41
		},
		{
			"endTime" : 43,
			"items" : 
			[
				29,
				55,
				61,
				494,
				541,
				879,
				980,
				1011,
				1873,
				1996,
				2084,
				2456,
				2570,
				2715,
				2998,
				3301,
				3375,
				3727,
				3849,
				3880,
				4195,
				4522,
				4786,
				4819
			],
			"startTime" : 41.220942029025231
		},
		{
			"endTime" : 45.287359081398328,
			"items" : 
			[
				29,
				55,
				61,
				494,
				541,
				879,
				980,
				1011,
				1873,
				1996,
				2084,
				2570,
				2715,
				2998,
				3301,
				3375,
				3727,
				3849,
				3880,
				4195,
				4522,
				4786,
				4819
			],
			"startTime" : 43
		},
		{
			"endTime" : 48.790441176453257,
			"items" : 
			[
				29,
				55,
				61,
				494,
				541,
				879,
				980,
				1011,
				1873,
				1996,
				2084,
				2570,
				2715,
				2998,
				3301,
				3375,
				3727,
				3880,
				4195,
				4212,
				4522,
				4786,
				4819
			],
			"startTime" : 45.287359081398328
		},
		{
			"endTime" : 49.15003816795511,
			"items" : 
			[
				29,
				55,
				61,
				494,
				541,
				879,
				980,
				1011,
				1873,
				1996,
				2084,
				2570,
				2715,
				2998,
				3301,
				3375,
				3727,
				3880,
				4195,
				4212,
				4522,
				4786,
				4819,
				195
			],
			"startTime" : 48.790441176453257
		},
		{
			"endTime" : 50,
			"items" : 
			[
				29,
				55,
				61,
				494,
				541,
				879,
				980,
				1011,
				1873,
				1996,
				2084,
				2570,
				2715,
				2998,
				3301,
				3375,
				3727,
				3880,
				4195,
				4212,
				4522,
				4786,
				4819
			],
			"startTime" : 49.15003816795511
		},
		{
			"endTime" : 53.674847328218092,
			"items" : 
			[
				29,
				55,
				61,
				494,
				541,
				879,
				980,
				1873,
				1996,
				2084,
				2570,
				2715,
				2998,
				3301,
				3375,
				3727,
				3880,
				4195,
				4212,
				4522,
				4786,
				4819
			],
			"startTime" : 50
		},
		{
			"endTime" : 54,
			"items" : 
			[
				195,
				541,
				560,
				879,
				980,
				1848,
				1873,
				2040,
				2084,
				2570,
				2715,
				2722,
				2998,
				3066,
				3301,
				3375,
				3727,
				4195,
				4212,
				4237,
				4522,
				4786
			],
			"startTime" : 53.674847328218092
		},
		{
			"endTime" : 55.026705426363527,
			"items" : 
			[
				195,
				541,
				560,
				879,
				980,
				1848,
				1873,
				2040,
				2084,
				2100,
				2570,
				2722,
				3066,
				3301,
				3375,
				3727,
				4195,
				4212,
				4237,
				4522,
				4786
			],
			"startTime" : 54
		},
		{
			"endTime" : 55.574393382354351,
			"items" : 
			[
				195,
				541,
				879,
				980,
				1848,
				1873,
				1996,
				2040,
				2084,
				2570,
				2715,
				2722,
				3301,
				3375,
				3727,
				4195,
				4212,
				4237,
				4522,
				4786
			],
			"startTime" : 55.026705426363527
		},
		{
			"endTime" : 55.642050288227779,
			"items" : 
			[
				29,
				55,
				195,
				541,
				879,
				980,
				1848,
				1873,
				1996,
				2084,
				2570,
				3301,
				3375,
				3727,
				3880,
				4043,
				4195,
				4212,
				4522,
				4786
			],
			"startTime" : 55.574393382354351
		},
		{
			"endTime" : 56,
			"items" : 
			[
				195,
				541,
				879,
				980,
				1848,
				1873,
				1996,
				2040,
				2084,
				2570,
				2715,
				3301,
				3375,
				3727,
				3880,
				4195,
				4212,
				4237,
				4522,
				4786
			],
			"startTime" : 55.642050288227779
		},
		{
			"endTime" : 58.239947264291914,
			"items" : 
			[
				29,
				55,
				494,
				541,
				980,
				1350,
				1873,
				2084,
				2570,
				2715,
				3135,
				3301,
				3375,
				3727,
				3880,
				4195,
				4490,
				4522,
				4786,
				4819
			],
			"startTime" : 56
		},
		{
			"endTime" : 60,
			"items" : 
			[
				195,
				541,
				560,
				846,
				951,
				1438,
				1848,
				2040,
				2084,
				2100,
				2296,
				2413,
				2578,
				2722,
				3294,
				3727,
				3970,
				4195,
				4212,
				4237,
				4786
			],
			"startTime" : 58.239947264291914
		},
		{
			"endTime" : 63.529221141710025,
			"items" : 
			[
				247,
				289,
				355,
				481,
				647,
				840,
				1209,
				1833,
				1836,
				1884,
				2036,
				2359,
				2502,
				2846,
				2977,
				3273,
				3518,
				3568,
				3747,
				3904
			],
			"startTime" : 60
		},
		{
			"endTime" : 64.978465398298255,
			"items" : 
			[
				247,
				289,
				355,
				481,
				647,
				840,
				1209,
				1833,
				1836,
				1884,
				2036,
				2502,
				2846,
				2977,
				3273,
				3518,
				3568,
				3747,
				3904
			],
			"startTime" : 63.529221141710025
		},
		{
			"endTime" : 75,
			"items" : 
			[
				29,
				55,
				494,
				541,
				570,
				980,
				1350,
				1848,
				1873,
				2084,
				2570,
				2715,
				3301,
				3375,
				3727,
				3880,
				4195,
				4490,
				4522,
				4786
			],
			"startTime" : 64.978465398298255
		},
		{
			"endTime" : 76.624161073782346,
			"items" : 
			[
				247,
				289,
				355,
				481,
				647,
				840,
				1209,
				1836,
				1884,
				2036,
				2359,
				2502,
				2846,
				2977,
				3273,
				3518,
				3568,
				3747,
				3904
			],
			"startTime" : 75
		},
		{
			"endTime" : 77.888510995875009,
			"items" : 
			[
				195,
				541,
				560,
				879,
				1848,
				1873,
				2040,
				2084,
				2100,
				2570,
				2715,
				2722,
				3066,
				3301,
				3375,
				3727,
				4195,
				4237,
				4522,
				4786
			],
			"startTime" : 76.624161073782346
		},
		{
			"endTime" : 80,
			"items" : 
			[
				247,
				289,
				355,
				481,
				647,
				840,
				1058,
				1209,
				1504,
				1836,
				1884,
				2036,
				2359,
				2502,
				2846,
				2977,
				3273,
				3568,
				3747,
				3904
			],
			"startTime" : 77.888510995875009
		},
		{
			"endTime" : 81.636672325971062,
			"items" : 
			[
				247,
				355,
				481,
				647,
				840,
				1209,
				1504,
				1836,
				1884,
				2036,
				2359,
				2502,
				2846,
				2977,
				3273,
				3518,
				3568,
				3747,
				3904
			],
			"startTime" : 80
		},
		{
			"endTime" : 82,
			"items" : 
			[
				195,
				541,
				560,
				879,
				980,
				1848,
				1873,
				2040,
				2084,
				2100,
				2570,
				3301,
				3375,
				3434,
				3727,
				3970,
				4195,
				4237,
				4522,
				4786
			],
			"startTime" : 81.636672325971062
		},
		{
			"endTime" : 90.243574958590642,
			"items" : 
			[
				247,
				355,
				481,
				647,
				840,
				1209,
				1504,
				1836,
				1884,
				2036,
				2359,
				2502,
				2846,
				2977,
				3273,
				3518,
				3568,
				3747,
				3904
			],
			"startTime" : 82
		},
		{
			"endTime" : 97.459424188521652,
			"items" : 
			[
				29,
				55,
				195,
				541,
				570,
				980,
				1350,
				1848,
				1873,
				2084,
				2570,
				2715,
				3301,
				3375,
				3727,
				3880,
				4195,
				4522,
				4786
			],
			"startTime" : 90.243574958590642
		},
		{
			"endTime" : 98.496652072386965,
			"items" : 
			[
				55,
				195,
				541,
				570,
				980,
				1350,
				1848,
				1873,
				2084,
				2570,
				2715,
				3301,
				3375,
				3727,
				3880,
				4195,
				4237,
				4522,
				4786
			],
			"startTime" : 97.459424188521652
		},
		{
			"endTime" : 106.41776667855844,
			"items" : 
			[
				247,
				355,
				481,
				647,
				840,
				1209,
				1504,
				1833,
				1836,
				2036,
				2359,
				2502,
				2846,
				2977,
				3273,
				3518,
				3568,
				3904
			],
			"startTime" : 98.496652072386965
		},
		{
			"endTime" : 108.83165017958876,
			"items" : 
			[
				247,
				355,
				481,
				647,
				840,
				1209,
				1504,
				1833,
				1836,
				2036,
				2359,
				2502,
				2846,
				2977,
				3273,
				3518,
				3568,
				3904,
				1884
			],
			"startTime" : 106.41776667855844
		},
		{
			"endTime" : 109.17007517917484,
			"items" : 
			[
				247,
				355,
				481,
				647,
				840,
				1209,
				1504,
				1833,
				1836,
				2036,
				2359,
				2502,
				2846,
				2977,
				3273,
				3518,
				3568,
				3904
			],
			"startTime" : 108.83165017958876
		},
		{
			"endTime" : 115.70438957270086,
			"items" : 
			[
				247,
				355,
				481,
				647,
				840,
				1209,
				1504,
				1836,
				1884,
				2036,
				2359,
				2502,
				2846,
				2977,
				3273,
				3518,
				3568,
				3904
			],
			"startTime" : 109.17007517917484
		},
		{
			"endTime" : 116.95364420705657,
			"items" : 
			[
				55,
				195,
				541,
				570,
				980,
				1848,
				1873,
				2084,
				2570,
				2715,
				3301,
				3375,
				3727,
				3880,
				4195,
				4237,
				4522,
				4786
			],
			"startTime" : 115.70438957270086
		},
		{
			"endTime" : 118.85089041098951,
			"items" : 
			[
				195,
				541,
				570,
				980,
				1066,
				1848,
				1873,
				2040,
				2084,
				2570,
				2715,
				3301,
				3375,
				3727,
				4195,
				4237,
				4522,
				4786
			],
			"startTime" : 116.95364420705657
		},
		{
			"endTime" : 120.18739424705421,
			"items" : 
			[
				247,
				355,
				481,
				647,
				840,
				1209,
				1504,
				1836,
				1884,
				2036,
				2359,
				2502,
				2846,
				2977,
				3518,
				3568,
				3904
			],
			"startTime" : 118.85089041098951
		},
		{
			"endTime" : 124,
			"items" : 
			[
				195,
				541,
				570,
				980,
				1066,
				1848,
				1873,
				2040,
				2084,
				2570,
				2715,
				3301,
				3375,
				3727,
				4195,
				4237,
				4522,
				4786
			],
			"startTime" : 120.18739424705421
		},
		{
			"endTime" : 126.09969696969898,
			"items" : 
			[
				247,
				355,
				481,
				647,
				840,
				1209,
				1504,
				1836,
				1884,
				2036,
				2359,
				2502,
				2846,
				2977,
				3518,
				3568,
				3904
			],
			"startTime" : 124
		},
		{
			"endTime" : 127.10160155203968,
			"items" : 
			[
				247,
				355,
				481,
				647,
				840,
				1209,
				1504,
				1836,
				1884,
				2036,
				2359,
				2502,
				2846,
				2977,
				3273,
				3568,
				3904
			],
			"startTime" : 126.09969696969898
		},
		{
			"endTime" : 132.75169699950976,
			"items" : 
			[
				247,
				355,
				481,
				647,
				840,
				1209,
				1504,
				1836,
				1884,
				2359,
				2502,
				2846,
				2977,
				3518,
				3568,
				3904
			],
			"startTime" : 127.10160155203968
		},
		{
			"endTime" : 136.5091860987805,
			"items" : 
			[
				247,
				355,
				647,
				840,
				1058,
				1209,
				1504,
				1836,
				1884,
				2036,
				2846,
				2977,
				3150,
				3273,
				3568,
				4015,
				4553
			],
			"startTime" : 132.75169699950976
		},
		{
			"endTime" : 159.41585639490719,
			"items" : 
			[
				247,
				355,
				481,
				647,
				840,
				1209,
				1504,
				1836,
				1884,
				2036,
				2359,
				2502,
				2846,
				2977,
				3273,
				3568,
				3904
			],
			"startTime" : 136.5091860987805
		},
		{
			"endTime" : 162.31949846692839,
			"items" : 
			[
				247,
				250,
				355,
				840,
				1058,
				1504,
				1836,
				2036,
				2058,
				2846,
				2977,
				3009,
				3150,
				3273,
				4015,
				4330,
				4343,
				4553
			],
			"startTime" : 159.41585639490719
		},
		{
			"endTime" : 162.41046993705447,
			"items" : 
			[
				247,
				250,
				355,
				840,
				1058,
				1504,
				1836,
				2036,
				2058,
				2846,
				2977,
				3150,
				3273,
				4015,
				4330,
				4343,
				4553
			],
			"startTime" : 162.31949846692839
		},
		{
			"endTime" : 173,
			"items" : 
			[
				247,
				355,
				647,
				840,
				1058,
				1209,
				1504,
				1836,
				1884,
				2036,
				2846,
				2977,
				3150,
				3273,
				3568,
				4015,
				4553
			],
			"startTime" : 162.41046993705447
		},
		{
			"endTime" : 182,
			"items" : 
			[
				247,
				355,
				647,
				840,
				1058,
				1209,
				1504,
				1836,
				1884,
				2036,
				2846,
				2977,
				3150,
				3273,
				3568,
				4015
			],
			"startTime" : 173
		},
		{
			"endTime" : 191,
			"items" : 
			[
				247,
				250,
				840,
				1058,
				1504,
				2036,
				2058,
				2846,
				2977,
				3009,
				3150,
				3273,
				4015,
				4330,
				4343
			],
			"startTime" : 182
		},
		{
			"endTime" : 210.85816048606631,
			"items" : 
			[
				247,
				355,
				647,
				840,
				1058,
				1209,
				1504,
				1884,
				2036,
				2846,
				2977,
				3150,
				3273,
				3568,
				4015
			],
			"startTime" : 191
		},
		{
			"endTime" : 231,
			"items" : 
			[
				247,
				355,
				647,
				840,
				1058,
				1209,
				1504,
				1884,
				2036,
				2846,
				2977,
				3150,
				3273,
				3568,
				4015,
				1833
			],
			"startTime" : 210.85816048606631
		},
		{
			"endTime" : 236.50878653918832,
			"items" : 
			[
				247,
				355,
				647,
				840,
				1058,
				1209,
				1504,
				1833,
				1884,
				2036,
				2846,
				3150,
				3273,
				3568,
				4015
			],
			"startTime" : 231
		},
		{
			"endTime" : 236.8777337409083,
			"items" : 
			[
				247,
				250,
				840,
				1058,
				1504,
				1833,
				1884,
				2036,
				2058,
				2846,
				3009,
				3150,
				3273,
				4015,
				4343
			],
			"startTime" : 236.50878653918832
		},
		{
			"endTime" : 236.884653949457,
			"items" : 
			[
				247,
				250,
				840,
				1504,
				1833,
				1884,
				2036,
				2058,
				2846,
				3009,
				3150,
				3273,
				4015,
				4343
			],
			"startTime" : 236.8777337409083
		},
		{
			"endTime" : 244.68275643060804,
			"items" : 
			[
				247,
				250,
				840,
				1058,
				1504,
				1884,
				2036,
				2058,
				2846,
				3009,
				3150,
				3273,
				4015,
				4343
			],
			"startTime" : 236.884653949457
		},
		{
			"endTime" : 273.30646387832678,
			"items" : 
			[
				247,
				250,
				840,
				1058,
				1504,
				1884,
				2036,
				2058,
				2846,
				3009,
				3150,
				3273,
				4015,
				4343,
				1833
			],
			"startTime" : 244.68275643060804
		},
		{
			"endTime" : 275.209467005085,
			"items" : 
			[
				247,
				250,
				840,
				1058,
				1504,
				1884,
				2036,
				2058,
				2846,
				3009,
				3150,
				3273,
				4015,
				4343,
				1833,
				355
			],
			"startTime" : 273.30646387832678
		},
		{
			"endTime" : 298.8715542521872,
			"items" : 
			[
				247,
				250,
				840,
				1058,
				1504,
				1833,
				1884,
				2036,
				2058,
				2846,
				3009,
				3150,
				3273,
				4015,
				4343
			],
			"startTime" : 275.209467005085
		},
		{
			"endTime" : 299,
			"items" : 
			[
				247,
				355,
				840,
				1058,
				1504,
				1833,
				1884,
				2036,
				2058,
				2846,
				3009,
				3150,
				3273,
				3568,
				4015,
				4343
			],
			"startTime" : 298.8715542521872
		},
		{
			"endTime" : 299,
			"items" : null,
			"startTime" : 299
		}
	]
}
