{
	"solutions" : 
	[
		{
			"endTime" : 1119582000,
			"items" : 
			[
				4
			],
			"startTime" : 1119570480
		},
		{
			"endTime" : 1119584880,
			"items" : 
			[
				4
			],
			"startTime" : 1119582000
		},
		{
			"endTime" : 1119586800,
			"items" : 
			[
				4
			],
			"startTime" : 1119584880
		},
		{
			"endTime" : 1119606000,
			"items" : 
			[
				1,
				3
			],
			"startTime" : 1119586800
		},
		{
			"endTime" : 1119612462.8255129,
			"items" : 
			[
				1,
				3
			],
			"startTime" : 1119606000
		},
		{
			"endTime" : 1119616429.3321462,
			"items" : 
			[
				4,
				0
			],
			"startTime" : 1119612462.8255129
		},
		{
			"endTime" : 1119631943.2761021,
			"items" : 
			[
				3,
				0
			],
			"startTime" : 1119616429.3321462
		},
		{
			"endTime" : 1119653876.4492962,
			"items" : 
			[
				3,
				0,
				2
			],
			"startTime" : 1119631943.2761021
		},
		{
			"endTime" : 1119658793.2687812,
			"items" : 
			[
				3,
				0,
				2,
				1
			],
			"startTime" : 1119653876.4492962
		},
		{
			"endTime" : 1119659413.1300001,
			"items" : 
			[
				3,
				0,
				2,
				1,
				4
			],
			"startTime" : 1119658793.2687812
		},
		{
			"endTime" : 1119661443.6005058,
			"items" : 
			[
				4,
				1,
				2,
				0
			],
			"startTime" : 1119659413.1300001
		},
		{
			"endTime" : 1119675192.2648673,
			"items" : 
			[
				1,
				3,
				2,
				0
			],
			"startTime" : 1119661443.6005058
		},
		{
			"endTime" : 1119679280.3187251,
			"items" : 
			[
				1,
				3,
				0
			],
			"startTime" : 1119675192.2648673
		},
		{
			"endTime" : 1119688349.5940411,
			"items" : 
			[
				1,
				3,
				0,
				4
			],
			"startTime" : 1119679280.3187251
		},
		{
			"endTime" : 1119688406.6459267,
			"items" : 
			[
				4,
				3,
				0
			],
			"startTime" : 1119688349.5940411
		},
		{
			"endTime" : 1119698044.013979,
			"items" : 
			[
				1,
				3,
				0
			],
			"startTime" : 1119688406.6459267
		},
		{
			"endTime" : 1119727573.9584885,
			"items" : 
			[
				1,
				3,
				0,
				4
			],
			"startTime" : 1119698044.013979
		},
		{
			"endTime" : 1119728644.7430892,
			"items" : 
			[
				4,
				3,
				0
			],
			"startTime" : 1119727573.9584885
		},
		{
			"endTime" : 1119782280.0816774,
			"items" : 
			[
				1,
				3,
				0
			],
			"startTime" : 1119728644.7430892
		},
		{
			"endTime" : 1119782389.7071872,
			"items" : 
			[
				1,
				3
			],
			"startTime" : 1119782280.0816774
		},
		{
			"endTime" : 1119783993.5453727,
			"items" : 
			[
				1,
				3,
				2
			],
			"startTime" : 1119782389.7071872
		},
		{
			"endTime" : 1119791213.709497,
			"items" : 
			[
				1,
				3,
				2
			],
			"startTime" : 1119783993.5453727
		},
		{
			"endTime" : 1119792332.5133171,
			"items" : 
			[
				1,
				2
			],
			"startTime" : 1119791213.709497
		},
		{
			"endTime" : 1119792617.605,
			"items" : 
			[
				1,
				2,
				3
			],
			"startTime" : 1119792332.5133171
		},
		{
			"endTime" : 1119824610.1317716,
			"items" : 
			[
				1,
				3
			],
			"startTime" : 1119792617.605
		},
		{
			"endTime" : 1119835359.925319,
			"items" : 
			[
				1,
				3,
				2
			],
			"startTime" : 1119824610.1317716
		},
		{
			"endTime" : 1119838800,
			"items" : 
			[
				4,
				0
			],
			"startTime" : 1119835359.925319
		},
		{
			"endTime" : 1119849041.4555895,
			"items" : 
			[
				1,
				3
			],
			"startTime" : 1119838800
		},
		{
			"endTime" : 1119861876.1061947,
			"items" : 
			[
				3,
				2
			],
			"startTime" : 1119849041.4555895
		},
		{
			"endTime" : 1119867225.9534137,
			"items" : 
			[
				3,
				2,
				1
			],
			"startTime" : 1119861876.1061947
		},
		{
			"endTime" : 1119934855.1863551,
			"items" : 
			[
				1,
				0
			],
			"startTime" : 1119867225.9534137
		},
		{
			"endTime" : 1119978242.9407799,
			"items" : 
			[
				1,
				0,
				2
			],
			"startTime" : 1119934855.1863551
		},
		{
			"endTime" : 1119981117.6619039,
			"items" : 
			[
				1,
				0
			],
			"startTime" : 1119978242.9407799
		},
		{
			"endTime" : 1120007325.1410658,
			"items" : 
			[
				2,
				0
			],
			"startTime" : 1119981117.6619039
		},
		{
			"endTime" : 1120055447.1960113,
			"items" : 
			[
				2,
				0,
				1
			],
			"startTime" : 1120007325.1410658
		},
		{
			"endTime" : 1120130503.1414564,
			"items" : 
			[
				1,
				2,
				0
			],
			"startTime" : 1120055447.1960113
		},
		{
			"endTime" : 1120132686.3686364,
			"items" : 
			[
				1,
				0
			],
			"startTime" : 1120130503.1414564
		},
		{
			"endTime" : 1120151051.330472,
			"items" : 
			[
				2,
				0
			],
			"startTime" : 1120132686.3686364
		},
		{
			"endTime" : 1120177567.5862069,
			"items" : 
			[
				2,
				0,
				3
			],
			"startTime" : 1120151051.330472
		},
		{
			"endTime" : 1120228212.396596,
			"items" : 
			[
				2,
				0,
				3,
				1
			],
			"startTime" : 1120177567.5862069
		},
		{
			"endTime" : 1120229093.7971148,
			"items" : 
			[
				1,
				2,
				0
			],
			"startTime" : 1120228212.396596
		},
		{
			"endTime" : 1120236224.4233649,
			"items" : 
			[
				3,
				2,
				0
			],
			"startTime" : 1120229093.7971148
		},
		{
			"endTime" : 1120241772.1854513,
			"items" : 
			[
				3,
				2,
				0,
				1
			],
			"startTime" : 1120236224.4233649
		},
		{
			"endTime" : 1120243972.30072,
			"items" : 
			[
				1,
				2,
				0
			],
			"startTime" : 1120241772.1854513
		},
		{
			"endTime" : 1120245502.0922866,
			"items" : 
			[
				1,
				2
			],
			"startTime" : 1120243972.30072
		},
		{
			"endTime" : 1120263437.9594898,
			"items" : 
			[
				2,
				0
			],
			"startTime" : 1120245502.0922866
		},
		{
			"endTime" : 1120274640,
			"items" : 
			[
				2,
				0,
				1
			],
			"startTime" : 1120263437.9594898
		},
		{
			"endTime" : 1120298243.1683168,
			"items" : 
			[
				2,
				0
			],
			"startTime" : 1120274640
		},
		{
			"endTime" : 1120449360,
			"items" : 
			[
				2,
				0,
				3
			],
			"startTime" : 1120298243.1683168
		},
		{
			"endTime" : 1120492443.2888155,
			"items" : 
			[
				2,
				0
			],
			"startTime" : 1120449360
		},
		{
			"endTime" : 1120529040,
			"items" : 
			[
				0
			],
			"startTime" : 1120492443.2888155
		},
		{
			"endTime" : 1120797840,
			"items" : 
			[
				2
			],
			"startTime" : 1120529040
		},
		{
			"endTime" : 1120797840,
			"items" : null,
			"startTime" : 1120797840
		}
	]
}
