{
	"solutions" : 
	[
		{
			"endTime" : 1119582000,
			"items" : 
			[
				4
			],
			"startTime" : 1119570480
		},
		{
			"endTime" : 1119584880,
			"items" : 
			[
				4
			],
			"startTime" : 1119582000
		},
		{
			"endTime" : 1119585061.0621178,
			"items" : 
			[
				4
			],
			"startTime" : 1119584880
		},
		{
			"endTime" : 1119586800,
			"items" : 
			[
				1,
				3
			],
			"startTime" : 1119585061.0621178
		},
		{
			"endTime" : 1119604198.3976097,
			"items" : 
			[
				1,
				3
			],
			"startTime" : 1119586800
		},
		{
			"endTime" : 1119606000,
			"items" : 
			[
				4
			],
			"startTime" : 1119604198.3976097
		},
		{
			"endTime" : 1119642859.7059743,
			"items" : 
			[
				4
			],
			"startTime" : 1119606000
		},
		{
			"endTime" : 1119656101.0756748,
			"items" : 
			[
				3,
				2
			],
			"startTime" : 1119642859.7059743
		},
		{
			"endTime" : 1119674924.6490028,
			"items" : 
			[
				3,
				2,
				1
			],
			"startTime" : 1119656101.0756748
		},
		{
			"endTime" : 1119698455.2793615,
			"items" : 
			[
				1,
				3
			],
			"startTime" : 1119674924.6490028
		},
		{
			"endTime" : 1119727663.6158514,
			"items" : 
			[
				1,
				3,
				0
			],
			"startTime" : 1119698455.2793615
		},
		{
			"endTime" : 1119728627.4332707,
			"items" : 
			[
				3,
				0
			],
			"startTime" : 1119727663.6158514
		},
		{
			"endTime" : 1119737962.9140911,
			"items" : 
			[
				1,
				3
			],
			"startTime" : 1119728627.4332707
		},
		{
			"endTime" : 1119838800,
			"items" : 
			[
				4
			],
			"startTime" : 1119737962.9140911
		},
		{
			"endTime" : 1119848326.994452,
			"items" : 
			[
				3
			],
			"startTime" : 1119838800
		},
		{
			"endTime" : 1119877247.873033,
			"items" : 
			[
				3,
				2
			],
			"startTime" : 1119848326.994452
		},
		{
			"endTime" : 1119934520.1880457,
			"items" : null,
			"startTime" : 1119877247.873033
		},
		{
			"endTime" : 1119957875.2939541,
			"items" : 
			[
				1,
				0
			],
			"startTime" : 1119934520.1880457
		},
		{
			"endTime" : 1119966056.4078779,
			"items" : 
			[
				1,
				2
			],
			"startTime" : 1119957875.2939541
		},
		{
			"endTime" : 1119966460.745543,
			"items" : 
			[
				1
			],
			"startTime" : 1119966056.4078779
		},
		{
			"endTime" : 1119967712.6298149,
			"items" : 
			[
				1,
				0
			],
			"startTime" : 1119966460.745543
		},
		{
			"endTime" : 1120117974.9720671,
			"items" : 
			[
				1
			],
			"startTime" : 1119967712.6298149
		},
		{
			"endTime" : 1120212906.6518106,
			"items" : 
			[
				2,
				0
			],
			"startTime" : 1120117974.9720671
		},
		{
			"endTime" : 1120213564.3247526,
			"items" : 
			[
				1,
				3,
				2
			],
			"startTime" : 1120212906.6518106
		},
		{
			"endTime" : 1120214423.8005075,
			"items" : 
			[
				1,
				3,
				2,
				0
			],
			"startTime" : 1120213564.3247526
		},
		{
			"endTime" : 1120222033.263427,
			"items" : 
			[
				1,
				3,
				2
			],
			"startTime" : 1120214423.8005075
		},
		{
			"endTime" : 1120224124.9945304,
			"items" : 
			[
				3,
				2,
				0
			],
			"startTime" : 1120222033.263427
		},
		{
			"endTime" : 1120224546.1489439,
			"items" : 
			[
				1,
				2
			],
			"startTime" : 1120224124.9945304
		},
		{
			"endTime" : 1120224823.2308066,
			"items" : 
			[
				2,
				0
			],
			"startTime" : 1120224546.1489439
		},
		{
			"endTime" : 1120241274.6533706,
			"items" : 
			[
				3,
				0
			],
			"startTime" : 1120224823.2308066
		},
		{
			"endTime" : 1120259256.6020525,
			"items" : 
			[
				1
			],
			"startTime" : 1120241274.6533706
		},
		{
			"endTime" : 1120259350.3995113,
			"items" : 
			[
				3,
				0
			],
			"startTime" : 1120259256.6020525
		},
		{
			"endTime" : 1120268660.825448,
			"items" : 
			[
				1
			],
			"startTime" : 1120259350.3995113
		},
		{
			"endTime" : 1120274640,
			"items" : 
			[
				1,
				2
			],
			"startTime" : 1120268660.825448
		},
		{
			"endTime" : 1120305837.6237624,
			"items" : 
			[
				2
			],
			"startTime" : 1120274640
		},
		{
			"endTime" : 1120329321.5017066,
			"items" : 
			[
				2,
				0
			],
			"startTime" : 1120305837.6237624
		},
		{
			"endTime" : 1120329412.3483875,
			"items" : 
			[
				2,
				0,
				3
			],
			"startTime" : 1120329321.5017066
		},
		{
			"endTime" : 1120347966.728972,
			"items" : 
			[
				2,
				0
			],
			"startTime" : 1120329412.3483875
		},
		{
			"endTime" : 1120348297.4041033,
			"items" : 
			[
				2,
				0,
				3
			],
			"startTime" : 1120347966.728972
		},
		{
			"endTime" : 1120362821.0328639,
			"items" : 
			[
				3,
				2
			],
			"startTime" : 1120348297.4041033
		},
		{
			"endTime" : 1120365331.1677909,
			"items" : 
			[
				3,
				2,
				0
			],
			"startTime" : 1120362821.0328639
		},
		{
			"endTime" : 1120386832.4723246,
			"items" : 
			[
				3,
				2
			],
			"startTime" : 1120365331.1677909
		},
		{
			"endTime" : 1120387190.4050002,
			"items" : 
			[
				3,
				2,
				0
			],
			"startTime" : 1120386832.4723246
		},
		{
			"endTime" : 1120429730.8779442,
			"items" : 
			[
				3,
				2
			],
			"startTime" : 1120387190.4050002
		},
		{
			"endTime" : 1120439603.6208193,
			"items" : 
			[
				3,
				2,
				0
			],
			"startTime" : 1120429730.8779442
		},
		{
			"endTime" : 1120482345.3367813,
			"items" : 
			[
				2,
				0
			],
			"startTime" : 1120439603.6208193
		},
		{
			"endTime" : 1120797840,
			"items" : 
			[
				2
			],
			"startTime" : 1120482345.3367813
		},
		{
			"endTime" : 1120797840,
			"items" : null,
			"startTime" : 1120797840
		}
	]
}
