{
	"solutions" : 
	[
		{
			"endTime" : 1119582000,
			"items" : 
			[
				4
			],
			"startTime" : 1119570480
		},
		{
			"endTime" : 1119584880,
			"items" : 
			[
				4
			],
			"startTime" : 1119582000
		},
		{
			"endTime" : 1119586800,
			"items" : 
			[
				4
			],
			"startTime" : 1119584880
		},
		{
			"endTime" : 1119606000,
			"items" : 
			[
				1,
				3,
				2
			],
			"startTime" : 1119586800
		},
		{
			"endTime" : 1119627476.8705547,
			"items" : 
			[
				1,
				3,
				2
			],
			"startTime" : 1119606000
		},
		{
			"endTime" : 1119652575.4779971,
			"items" : 
			[
				1,
				3,
				2,
				0
			],
			"startTime" : 1119627476.8705547
		},
		{
			"endTime" : 1119680372.2825968,
			"items" : 
			[
				1,
				3,
				2,
				0,
				4
			],
			"startTime" : 1119652575.4779971
		},
		{
			"endTime" : 1119696410.9402518,
			"items" : 
			[
				1,
				3,
				2,
				0
			],
			"startTime" : 1119680372.2825968
		},
		{
			"endTime" : 1119707715.1515152,
			"items" : 
			[
				4,
				1,
				3,
				0
			],
			"startTime" : 1119696410.9402518
		},
		{
			"endTime" : 1119709280.072397,
			"items" : 
			[
				4,
				1,
				3,
				0,
				2
			],
			"startTime" : 1119707715.1515152
		},
		{
			"endTime" : 1119799663.566644,
			"items" : 
			[
				4,
				1,
				3,
				0
			],
			"startTime" : 1119709280.072397
		},
		{
			"endTime" : 1119871252.5823197,
			"items" : 
			[
				1,
				3,
				2,
				0
			],
			"startTime" : 1119799663.566644
		},
		{
			"endTime" : 1119873310.8905084,
			"items" : 
			[
				1,
				2,
				0
			],
			"startTime" : 1119871252.5823197
		},
		{
			"endTime" : 1119934938.8064046,
			"items" : 
			[
				3,
				2,
				0
			],
			"startTime" : 1119873310.8905084
		},
		{
			"endTime" : 1119966717.0691006,
			"items" : 
			[
				3,
				2,
				0,
				1
			],
			"startTime" : 1119934938.8064046
		},
		{
			"endTime" : 1120000819.2894583,
			"items" : 
			[
				1,
				2,
				0
			],
			"startTime" : 1119966717.0691006
		},
		{
			"endTime" : 1120048511.6000183,
			"items" : 
			[
				1,
				2,
				0,
				3
			],
			"startTime" : 1120000819.2894583
		},
		{
			"endTime" : 1120049409.6920893,
			"items" : 
			[
				1,
				3,
				0
			],
			"startTime" : 1120048511.6000183
		},
		{
			"endTime" : 1120119364.2722514,
			"items" : 
			[
				1,
				2,
				0
			],
			"startTime" : 1120049409.6920893
		},
		{
			"endTime" : 1120124811.2795649,
			"items" : 
			[
				1,
				2,
				0,
				3
			],
			"startTime" : 1120119364.2722514
		},
		{
			"endTime" : 1120129117.3770492,
			"items" : 
			[
				1,
				3,
				2
			],
			"startTime" : 1120124811.2795649
		},
		{
			"endTime" : 1120274640,
			"items" : 
			[
				1,
				3,
				2,
				0
			],
			"startTime" : 1120129117.3770492
		},
		{
			"endTime" : 1120449360,
			"items" : 
			[
				3,
				2,
				0
			],
			"startTime" : 1120274640
		},
		{
			"endTime" : 1120529040,
			"items" : 
			[
				2,
				0
			],
			"startTime" : 1120449360
		},
		{
			"endTime" : 1120797840,
			"items" : 
			[
				2
			],
			"startTime" : 1120529040
		},
		{
			"endTime" : 1120797840,
			"items" : null,
			"startTime" : 1120797840
		}
	]
}
